{"atlasWidth":512,"atlasHeight":512,"pxRange":4,"ascender":1.0476190476190477,"descender":-0.2619047619047619,"lineHeight":1.3095238095238095,"glyphs":{"0":{"advance":0.5714285714285714,"plane":[0,-0.07142857142857142,0.5714285714285714,0.7619047619047619],"uv":[0.203125,0,0.25,0.068359375]},"1":{"advance":0.5714285714285714,"plane":[0.023809523809523808,-0.047619047619047616,0.42857142857142855,0.7619047619047619],"uv":[0,0.802734375,0.033203125,0.869140625]},"2":{"advance":0.5714285714285714,"plane":[-0.023809523809523808,-0.047619047619047616,0.5714285714285714,0.7619047619047619],"uv":[0,0.87109375,0.048828125,0.9375]},"3":{"advance":0.5714285714285714,"plane":[-0.023809523809523808,-0.07142857142857142,0.5714285714285714,0.7619047619047619],"uv":[0,0.591796875,0.048828125,0.66015625]},"4":{"advance":0.5714285714285714,"plane":[-0.023809523809523808,-0.047619047619047616,0.5952380952380952,0.7619047619047619],"uv":[0.03515625,0.802734375,0.0859375,0.869140625]},"5":{"advance":0.5714285714285714,"plane":[0,-0.047619047619047616,0.5714285714285714,0.7619047619047619],"uv":[0.056640625,0.732421875,0.103515625,0.798828125]},"6":{"advance":0.5714285714285714,"plane":[0,-0.07142857142857142,0.5952380952380952,0.7619047619047619],"uv":[0.046875,0.51953125,0.095703125,0.587890625]},"7":{"advance":0.5714285714285714,"plane":[-0.023809523809523808,-0.047619047619047616,0.5714285714285714,0.7619047619047619],"uv":[0.1015625,0.658203125,0.150390625,0.724609375]},"8":{"advance":0.5714285714285714,"plane":[0,-0.07142857142857142,0.5714285714285714,0.7619047619047619],"uv":[0.087890625,0.423828125,0.134765625,0.4921875]},"9":{"advance":0.5714285714285714,"plane":[0,-0.07142857142857142,0.5714285714285714,0.7619047619047619],"uv":[0.09765625,0.302734375,0.14453125,0.37109375]},"(":{"advance":0.35714285714285715,"plane":[0.023809523809523808,-0.2619047619047619,0.38095238095238093,0.8333333333333334],"uv":[0,0,0.029296875,0.08984375]},")":{"advance":0.35714285714285715,"plane":[-0.023809523809523808,-0.2619047619047619,0.35714285714285715,0.8333333333333334],"uv":[0,0.091796875,0.03125,0.181640625]},"[":{"advance":0.2857142857142857,"plane":[0,-0.21428571428571427,0.30952380952380953,0.8809523809523809],"uv":[0.03125,0,0.056640625,0.08984375]},"]":{"advance":0.2857142857142857,"plane":[-0.047619047619047616,-0.21428571428571427,0.2619047619047619,0.8809523809523809],"uv":[0,0.18359375,0.025390625,0.2734375]},"j":{"advance":0.2619047619047619,"plane":[-0.09523809523809523,-0.2619047619047619,0.2619047619047619,0.7857142857142857],"uv":[0,0.275390625,0.029296875,0.361328125]},"{":{"advance":0.3333333333333333,"plane":[-0.023809523809523808,-0.21428571428571427,0.35714285714285715,0.8333333333333334],"uv":[0.02734375,0.18359375,0.05859375,0.26953125]},"}":{"advance":0.3333333333333333,"plane":[-0.023809523809523808,-0.21428571428571427,0.35714285714285715,0.8333333333333334],"uv":[0.033203125,0.091796875,0.064453125,0.177734375]},"$":{"advance":0.5714285714285714,"plane":[0,-0.14285714285714285,0.5714285714285714,0.8809523809523809],"uv":[0.05859375,0,0.10546875,0.083984375]},"@":{"advance":0.9047619047619048,"plane":[0,-0.2619047619047619,0.9047619047619048,0.7380952380952381],"uv":[0,0.36328125,0.07421875,0.4453125]},"Q":{"advance":0.6904761904761905,"plane":[0,-0.19047619047619047,0.6904761904761905,0.7619047619047619],"uv":[0.03125,0.271484375,0.087890625,0.349609375]},"W":{"advance":0.8809523809523809,"plane":[-0.023809523809523808,-0.047619047619047616,0.9047619047619048,0.7619047619047619],"uv":[0.060546875,0.1796875,0.13671875,0.24609375]},"|":{"advance":0.2619047619047619,"plane":[0.047619047619047616,-0.16666666666666666,0.23809523809523808,0.7619047619047619],"uv":[0.06640625,0.0859375,0.08203125,0.162109375]},"/":{"advance":0.38095238095238093,"plane":[-0.047619047619047616,-0.09523809523809523,0.40476190476190477,0.7619047619047619],"uv":[0.083984375,0.0859375,0.12109375,0.15625]},"\\":{"advance":0.42857142857142855,"plane":[-0.047619047619047616,-0.09523809523809523,0.5,0.7619047619047619],"uv":[0.107421875,0,0.15234375,0.0703125]},"b":{"advance":0.5714285714285714,"plane":[0,-0.07142857142857142,0.5714285714285714,0.7857142857142857],"uv":[0.123046875,0.072265625,0.169921875,0.142578125]},"d":{"advance":0.5714285714285714,"plane":[-0.023809523809523808,-0.07142857142857142,0.5476190476190477,0.7857142857142857],"uv":[0.154296875,0,0.201171875,0.0703125]},"f":{"advance":0.35714285714285715,"plane":[-0.023809523809523808,-0.047619047619047616,0.40476190476190477,0.8095238095238095],"uv":[0,0.447265625,0.03515625,0.517578125]},"h":{"advance":0.5714285714285714,"plane":[0,-0.07142857142857142,0.5476190476190477,0.7857142857142857],"uv":[0,0.51953125,0.044921875,0.58984375]},"k":{"advance":0.5238095238095238,"plane":[0,-0.07142857142857142,0.5952380952380952,0.7857142857142857],"uv":[0.037109375,0.447265625,0.0859375,0.517578125]},"l":{"advance":0.2619047619047619,"plane":[0.023809523809523808,-0.07142857142857142,0.2619047619047619,0.7857142857142857],"uv":[0.076171875,0.3515625,0.095703125,0.421875]},"m":{"advance":0.8571428571428571,"plane":[0,-0.047619047619047616,0.8571428571428571,0.5952380952380952],"uv":[0.08984375,0.248046875,0.16015625,0.30078125]},"%":{"advance":0.7380952380952381,"plane":[0,-0.07142857142857142,0.7380952380952381,0.7619047619047619],"uv":[0.138671875,0.14453125,0.19921875,0.212890625]},"&":{"advance":0.6666666666666666,"plane":[-0.023809523809523808,-0.07142857142857142,0.6904761904761905,0.7619047619047619],"uv":[0.171875,0.072265625,0.23046875,0.140625]},"?":{"advance":0.5,"plane":[-0.023809523809523808,-0.07142857142857142,0.5,0.7619047619047619],"uv":[0,0.662109375,0.04296875,0.73046875]},"C":{"advance":0.6428571428571429,"plane":[0,-0.07142857142857142,0.6666666666666666,0.7619047619047619],"uv":[0,0.732421875,0.0546875,0.80078125]},"G":{"advance":0.6904761904761905,"plane":[0,-0.07142857142857142,0.6666666666666666,0.7619047619047619],"uv":[0.044921875,0.662109375,0.099609375,0.73046875]},"M":{"advance":0.8809523809523809,"plane":[0.023809523809523808,-0.047619047619047616,0.8571428571428571,0.7619047619047619],"uv":[0.05078125,0.58984375,0.119140625,0.65625]},"O":{"advance":0.6904761904761905,"plane":[0,-0.07142857142857142,0.6904761904761905,0.7619047619047619],"uv":[0.09765625,0.494140625,0.154296875,0.5625]},"S":{"advance":0.6190476190476191,"plane":[-0.023809523809523808,-0.07142857142857142,0.6190476190476191,0.7619047619047619],"uv":[0.13671875,0.373046875,0.189453125,0.44140625]},"g":{"advance":0.5714285714285714,"plane":[-0.023809523809523808,-0.23809523809523808,0.5476190476190477,0.5952380952380952],"uv":[0.146484375,0.302734375,0.193359375,0.37109375]},"i":{"advance":0.2619047619047619,"plane":[0,-0.047619047619047616,0.2619047619047619,0.7857142857142857],"uv":[0.162109375,0.21484375,0.18359375,0.283203125]},"p":{"advance":0.5714285714285714,"plane":[0,-0.23809523809523808,0.5714285714285714,0.5952380952380952],"uv":[0.185546875,0.21484375,0.232421875,0.283203125]},"q":{"advance":0.5714285714285714,"plane":[-0.023809523809523808,-0.23809523809523808,0.5476190476190477,0.5952380952380952],"uv":[0.201171875,0.142578125,0.248046875,0.2109375]},"y":{"advance":0.5,"plane":[-0.047619047619047616,-0.2619047619047619,0.5476190476190477,0.5714285714285714],"uv":[0.232421875,0.0703125,0.28125,0.138671875]},"!":{"advance":0.2619047619047619,"plane":[0.023809523809523808,-0.047619047619047616,0.2857142857142857,0.7619047619047619],"uv":[0.251953125,0,0.2734375,0.06640625]},"#":{"advance":0.5952380952380952,"plane":[-0.023809523809523808,-0.047619047619047616,0.6190476190476191,0.7619047619047619],"uv":[0.275390625,0,0.328125,0.06640625]},";":{"advance":0.2619047619047619,"plane":[-0.023809523809523808,-0.21428571428571427,0.2619047619047619,0.5952380952380952],"uv":[0.12109375,0.564453125,0.14453125,0.630859375]},"A":{"advance":0.6666666666666666,